{"tavg": [-68.5, 39.900001525878906], "tmax": [-64.5, 48.599998474121094], "elev": [-415.0, 8424.0], "vapr": [0.0, 3.569999933242798], "wind": [0.0, 36.099998474121094], "prec": [0.0, 2982.0], "srad": [0.0, 45989.0], "tmin": [-72.5999984741211, 32.400001525878906]}